dirty,clean
"70×5mm(10只,带胶)","70×5mm(10只,带胶)"
AUA6-25,AUA6-25
1×1.8  GB-T 3452.1-1992,GB／T3452.1-1×1.8
XTF01-16,XTF01-16
029 .B00.000,029.B00.000
SWY12.5-40,SWY12.5-40
HGW25CC1R330ZAC(E1=E2=15),HGW25CC1R330ZAC(E1=E2=15)
HGW25CC2R1400ZAC(E1=E2=10),HGW25CC2R1400ZAC(E1=E2=10)
CPSFJC20-183-M8-SC0,CPSFJC20-183-M8-SC0
PSFJ40-1000,PSFJ40-1000
PSFJC10-300-M5-SC30,PSFJC10-300-M5-SC30
HGH15CA1R1930Z0C(E1=E2=35),HGH15CA1R1930Z0C(E1=E2=35)
HGH15CA1R740Z0C(E1=E2=10),HGH15CA1R740Z0C(E1=E2=10)
HGH20CA2R940Z0C(E1=E2=20),HGH20CA2R940Z0C(E1=E2=20)
HGW20CC1R240Z0C(E1=E2=30),HGW20CC1R240Z0C(E1=E2=30)
HGW20CC2R320Z0C(E1=E2=10),HGW20CC2R320Z0C(E1=E2=10)
AT-90-FL1(3)(24-95-115-M6)(输入键槽8）,AT-90-FL1(3)(24-95-115-M6)(输入键槽8)
8X5-10米,8×5-10米
KPH51-B150-L1600-25-TA220-SCM-25-A-T,KPH51-B150-L1600-25-TA220-SCM-25-A-T
DSNU-25-125-P-A,DSNU-25-125-P-A
HC20.040.R035-18Link+HC200.040.12 ,HC20.040.R035-18Link+HC200.040.12
HC20.040.R035-48Link+HC200.040.12,HC20.040.R035-48Link+HC200.040.12
HC20.060.R038-20Link+HC200.060.12,HC20.060.R038-20Link+HC200.060.12
HC25.090.R100-38Link+HC250.090.12(POS0),HC25.090.R100-38Link+HC250.090.12(POS0)
ME15i.20.R28-39Link+150.20.12.A1,ME15i.20.R28-39Link+150.20.12.A1
ME15i.30.R28-13Link+150.30.12.A1,ME15i.30.R28-13Link+150.30.12.A1
ME15i.30.R28-27Link+150.30.12.A1,ME15i.30.R28-27Link+150.30.12.A1
ME15i.40.R28-16Link+150.40.12.A1(POS0),ME15i.40.R28-16Link+150.40.12.A1(POS0)
ZP2-TB10MBN-H5,ZP2-TB10MBN-H5
DRN60-10-M1(配伺服100W 输入8-30-45-M3),DRN60-10-M1(配伺服100W输入8-30-45-M3)
MKB20-10LZ,MKB20-10LZ
ZZQ103A-BSC_ZQ053MA-J15L-EA-3-S,ZZQ103A-BSC-ZQ053MA-J15L-EA-3-S
ST731374,ST731374
ST731375,ST731375
MG656919,MG656919
内径38mm,内径38mm
SHS25R2SS+1120L（E1=E2=20）,SHS25R2SS+1120L(E1=E2=20)
YWF-D27-L35,YWF-D27-L35
UAC23-D30-V6-T4,UAC23-D30-V6-T4
E-LMJ22-d25,E-LMJ22-d25
E-LME23-d16,E-LME23-d16
ACQ25x25SB,ACQ25×25SB
IPE08,IPE08
IPC06-M5,IPC06-M5
DMSG-NM08,DMSG-NM08
HFD16x15,HFD16×15
SDR100M51,SDR100M51
YWL-D22-L80,YWL-D22-L80
YFR42-D13-P10-L22-B20,YFR42-D13-P10-L22-B20
YFR62-D13-P10-L14-B9,YFR62-D13-P10-L14-B9
TCLJ16x10-10S,TCLJ16×10-10S
XSM25000.01000.0040,XSM25000.01000.0040
YFR51-D13-P9.8-L13-B5,YFR51-D13-P9.8-L13-B5
YFR71-D13-P9.8-L14-B5,YFR71-D13-P9.8-L14-B5
XAF32-L88-D,XAF32-L88-D
NR90-B,NR90-B
NP90SF-A,NP90SF-A
IPE06,IPE06
PL6-G1/4,PL6-G1／4
SS-6M-KF-4N-CZ,SS-6M-KF-4N-CZ
